TAPE_LABEL,Offense,Defense,Game,Drive ID,SER,S#,DOWN,DISTANCE,DownSit,DistSit,DistSitO,DDSit,FPOS,FPOS(0-100),Fieldzone,HASH,PERS,MOTION,BACK,FORM,FORM_FAM,FSL,UNB,PR01,R/P,PLAY_TYPE,GAIN,PASS_RESULT,Points Added,SER_END,DEF_PERS,FRONT,FRONT_ADJ,BOX,DL Count,LB Count,LB_ALIGN,COVER,LEFT_COVERAGE_TAG,COV_FAM,MAN-ZONE,MOF,STUNTS,BLITZ,SITUATION
Xchange-URI OFF vs Harvard  9282018.001,URI,Harvard,URI VS Harvard,URI VS Harvard: 1,1,1,1,10,1st,Long,L,1st and Long,46,54,50 _ 60,R,12,Z IN,ST,DICE LT,DICE,,,0,R,Q TRUCK,3,,0,,BASE,HEADS,7 7,4_1,4,1,SWW,4,X,4,ZONE,O,,,
Xchange-URI OFF vs Harvard  9282018.002,URI,Harvard,URI VS Harvard,URI VS Harvard: 1,1,2,2,7,2nd,Medium,M,2nd and Medium,43,57,60 _ 70,L,11,,ST,TREY RT ON,TREY ON,,,1,P,HITCH,4,COM,0,,BASE,OVER G,7,4_2,4,2,SW,4,X,4,ZONE,O,,,
Xchange-URI OFF vs Harvard  9282018.003,URI,Harvard,URI VS Harvard,URI VS Harvard: 1,1,3,3,3,3rd,Short,S,3rd and Short,39,61,60 _ 70,R,11,W RODEO,WK,DEUCE LT,DEUCE,,,1,P,QUICK,3,SCRAM,0,,NICKEL,UNDER G,,4_2,4,2,SO,3 HOOK ST,X,3,ZONE,C,TN,,
Xchange-URI OFF vs Harvard  9282018.004,URI,Harvard,URI VS Harvard,URI VS Harvard: 1,1,4,1,10,1st,Long,L,1st and Long,36,64,60 _ 70,LM,12,,PIST FULL,RT,RT,,,0,R,ISO,1,,0,,BASE,OVER G,,4_3,4,3,,4,X,4,ZONE,O,,,
Xchange-URI OFF vs Harvard  9282018.005,URI,Harvard,URI VS Harvard,URI VS Harvard: 1,1,5,2,9,2nd,Long,L,2nd and Long,35,65,70 _ 80,L,11,W RODEO,ST,DEUCE RT,DEUCE,,,0,R,BLING,1,,0,,BASE,OVER G,,4_1,4,1,SWW,3 SNOW,X,3,ZONE,C,,,
Xchange-URI OFF vs Harvard  9282018.006,URI,Harvard,URI VS Harvard,URI VS Harvard: 1,1,6,3,8,3rd,Long,L,3rd and Long,34,66,70 _ 80,L,11,,WK,DEUCE RT,DEUCE,,,1,P,DBP,-8,SACK,0,PUNT,NICKEL,UNDER G,,4_2,4,2,SO,4,X,4,ZONE,C,TN,,
Xchange-URI OFF vs Harvard  9282018.007,URI,Harvard,URI VS Harvard,URI VS Harvard: 2,2,1,1,10,1st,Long,L,1st and Long,-40,40,40 _ 50,R,12,,WK,DICE LT,DICE,,,0,R,TRUCK,3,,0,,BASE,HEADS,7 7,4_1,4,1,SWW,4,,4,ZONE,O,,,
Xchange-URI OFF vs Harvard  9282018.008,URI,Harvard,URI VS Harvard,URI VS Harvard: 2,2,2,2,7,2nd,Medium,M,2nd and Medium,-43,43,40 _ 50,L,11,W RODEO,SPLIT,OPEN RT,OPEN,,,1,P,DBP,0,INC,0,,NICKEL,HEADS,,4_1,4,1,SWW,3 CLD STR,SLICE X,3,ZONE,C,,,
Xchange-URI OFF vs Harvard  9282018.009,URI,Harvard,URI VS Harvard,URI VS Harvard: 2,2,3,3,7,3rd,Medium,M,3rd and Medium,-43,43,40 _ 50,L,11,,WK,TRIO RT,TRIO,,,1,P,DBP,-2,SACK,0,PUNT,NICKEL,OVER G,7,4_1,4,1,BOSS,2 TAMPA,,2,ZONE,C,,,
Xchange-URI OFF vs Harvard  9282018.010,URI,Harvard,URI VS Harvard,URI VS Harvard: 3,3,1,1,10,1st,Long,L,1st and Long,-44,44,40 _ 50,R,11,W ROCKET,WK,DUO LT,DUO,Y,,0,R,RACE,-4,,0,,BASE,OVER G,,4_2,4,2,SW,3 SNOW,X,3,ZONE,C,,,
Xchange-URI OFF vs Harvard  9282018.011,URI,Harvard,URI VS Harvard,URI VS Harvard: 3,3,2,2,14,2nd,Extra Long,aL,2nd and Extra Long,-40,40,40 _ 50,L,11,Y RT,ST,TREY RT,TREY,,,1,P,PA,0,INC,0,,BASE,OVER G,,4_2,4,2,SW,6,,4,ZONE,O,,,
Xchange-URI OFF vs Harvard  9282018.012,URI,Harvard,URI VS Harvard,URI VS Harvard: 3,3,3,3,14,3rd,Extra Long,aL,3rd and Extra Long,-40,40,40 _ 50,L,11,,WK,DEUCE RT,DEUCE,,,1,P,DBP,-5,PEN,0,,ODD,ODD,,3_3,3,3,SO,30 FIRE,X BAIL,3,ZONE,C,EN BDY,,
Xchange-URI OFF vs Harvard  9282018.013,URI,Harvard,URI VS Harvard,URI VS Harvard: 3,3,4,3,19,3rd,Extra Long,aL,3rd and Extra Long,-35,35,40 _ 50,L,11,,WK,TRIO RT,TRIO,,,1,P,DBP,,INT,0,INT,ODD,ODD,,3_3,3,3,SO,20 TAMPA,,2,ZONE,C,,,
Xchange-URI OFF vs Harvard  9282018.014,URI,Harvard,URI VS Harvard,URI VS Harvard: 4,4,1,1,10,1st,Long,L,1st and Long,-26,26,30 _ 40,R,12,,ST,DING RT,DING,,,0,R,TRUCK,5,,0,,BASE,HEADS,7,4_1,4,1,WHSW,6,,4,ZONE,O,,,
Xchange-URI OFF vs Harvard  9282018.015,URI,Harvard,URI VS Harvard,URI VS Harvard: 4,4,2,2,5,2nd,Medium,M,2nd and Medium,-31,31,30 _ 40,R,12,Y LT,ST,DING RT,DING,,,1,P,PROP,10,COM,0,,BASE,HEADS,7,4_1,4,1,WHSW,4,,4,ZONE,O,,,
Xchange-URI OFF vs Harvard  9282018.016,URI,Harvard,URI VS Harvard,URI VS Harvard: 4,4,3,1,10,1st,Long,L,1st and Long,-41,41,40 _ 50,L,11,W ROCKET,WK,DUO RT,DUO,Y,,0,R,OUTSIDE ZONE,0,,0,,BASE,OVER G,,4_1,4,1,SWW,3 SNOW,X,3,ZONE,C,,,
Xchange-URI OFF vs Harvard  9282018.017,URI,Harvard,URI VS Harvard,URI VS Harvard: 4,4,4,2,10,2nd,Long,L,2nd and Long,-41,41,40 _ 50,L,,,,,,,,,N,,-5,,0,,,,,,,,,,,,,,,,
Xchange-URI OFF vs Harvard  9282018.018,URI,Harvard,URI VS Harvard,URI VS Harvard: 4,4,5,2,15,2nd,Extra Long,aL,2nd and Extra Long,-36,36,40 _ 50,L,11,Y RETURN,WK,DUO LT,DUO,,,1,P,PA,14,COM,0,,BASE,UNDER G,,4_2,4,2,SW,4,X,4,ZONE,O,,,
Xchange-URI OFF vs Harvard  9282018.019,URI,Harvard,URI VS Harvard,URI VS Harvard: 4,4,6,3,1,3rd,Short,S,3rd and Short,50,50,50 _ 60,R,,,,,,,,,N,,,,0,,,,,,,,,,,,,,,,
Xchange-URI OFF vs Harvard  9282018.020,URI,Harvard,URI VS Harvard,URI VS Harvard: 4,4,7,3,1,3rd,Short,S,3rd and Short,50,50,50 _ 60,R,12,,ST,TRIO LT ON,TRIO ON,,,0,R,INSIDE ZONE,2,,0,,BASE,UNDER G,7 7,4_1,4,1,WHSW,4,BAIL,4,ZONE,O,,,
Xchange-URI OFF vs Harvard  9282018.021,URI,Harvard,URI VS Harvard,URI VS Harvard: 4,4,8,1,10,1st,Long,L,1st and Long,48,52,50 _ 60,M,11,,ST,DUO RT,DUO,,,1,P,PROP,-5,PEN,0,,BASE,HEADS,,4_2,4,2,SW,4,X,4,ZONE,O,,,
Xchange-URI OFF vs Harvard  9282018.022,URI,Harvard,URI VS Harvard,URI VS Harvard: 4,4,9,1,15,1st,Extra Long,aL,1st and Extra Long,-47,47,50 _ 60,M,11,,ST,TRIO LT,TRIO,,,1,P,DBP,0,COM,0,,4_4,HEADS,7,4_1,4,1,WHSW,6,,4,ZONE,O,,,
Xchange-URI OFF vs Harvard  9282018.023,URI,Harvard,URI VS Harvard,URI VS Harvard: 4,4,10,2,15,2nd,Extra Long,aL,2nd and Extra Long,-47,47,50 _ 60,L,12,,ST,DICE RT,DICE,,,1,P,NAKED,12,COM,0,,BASE,OVER G,7 7,4_1,4,1,SWW,4,,4,ZONE,O,,,
Xchange-URI OFF vs Harvard  9282018.024,URI,Harvard,URI VS Harvard,URI VS Harvard: 4,4,11,3,3,3rd,Short,S,3rd and Short,41,59,60 _ 70,R,11,,WK,DUO RT ON,DUO ON,,,1,P,QUICK,4,COM,0,,BASE,OVER G,7,4_1,4,1,WHSW,4,X,4,ZONE,O,,,
Xchange-URI OFF vs Harvard  9282018.025,URI,Harvard,URI VS Harvard,URI VS Harvard: 4,4,12,1,10,1st,Long,L,1st and Long,37,63,60 _ 70,L,12,Z IN,WK,DICE RT,DICE,,,1,P,PA,37,COM,0,TD,BASE,HEADS,7 7,4_1,4,1,SWW,4,,4,ZONE,O,,,
Xchange-URI OFF vs Harvard  9282018.026,URI,Harvard,URI VS Harvard,URI VS Harvard: 5,5,1,1,10,1st,Long,L,1st and Long,-11,11,10 _ 20,L,11,,ST,TREY RT ON,TREY ON,,,0,R,INSIDE ZONE,0,,0,,BASE,OVER G,7,4_2,4,2,SW,33,,3,ZONE,C,,COP3,
Xchange-URI OFF vs Harvard  9282018.027,URI,Harvard,URI VS Harvard,URI VS Harvard: 5,5,2,2,10,2nd,Long,L,2nd and Long,-11,11,10 _ 20,LM,12,T RODEO,PIST FULL,RT,RT,,,1,P,PA,45,COM,0,,BASE,UNDER G,,4_3,4,3,,4,PRESS,4,ZONE,O,,,
Xchange-URI OFF vs Harvard  9282018.028,URI,Harvard,URI VS Harvard,URI VS Harvard: 5,5,3,1,10,1st,Long,L,1st and Long,44,56,60 _ 70,RM,12,Y LT,ST,DING RT,DING,,,0,R,LOCK,4,,0,,BASE,HEADS,7,4_1,4,1,WHSW,6,,4,ZONE,O,,,
Xchange-URI OFF vs Harvard  9282018.029,URI,Harvard,URI VS Harvard,URI VS Harvard: 5,5,4,2,6,2nd,Medium,M,2nd and Medium,40,60,60 _ 70,R,11,Y LT,ST,TREY LT,TREY,,,1,P,PA,15,COM,0,,BASE,HEADS,,4_2,4,2,SW,4 SOLO,X,4,ZONE,O,,,
Xchange-URI OFF vs Harvard  9282018.030,URI,Harvard,URI VS Harvard,URI VS Harvard: 5,5,5,1,10,1st,Long,L,1st and Long,25,75,80 _ 90,L,11,Y RETURN,ST,DUO RT STKS,DUO STKS,Y,,0,R,OUTSIDE ZONE,0,,0,,BASE,HEADS,,4_1,4,1,SWW,6,,4,ZONE,O,,,
Xchange-URI OFF vs Harvard  9282018.031,URI,Harvard,URI VS Harvard,URI VS Harvard: 5,5,6,2,10,2nd,Long,L,2nd and Long,25,75,80 _ 90,RM,11,Y RT,ST,TREY RT,TREY,Y,,1,P,PA,10,COM,0,,BASE,UNDER G,,4_2,4,2,WW,4,BAIL,4,ZONE,O,,,
Xchange-URI OFF vs Harvard  9282018.032,URI,Harvard,URI VS Harvard,URI VS Harvard: 5,5,7,1,10,1st,Long,L,1st and Long,15,85,90 _ 100,L,12,,WK,DICE RT,DICE,,,1,P,TRUCK,0,INC,0,,BASE,HEADS,7 7,4_1,4,1,SWW,4,X,4,ZONE,O,,,
Xchange-URI OFF vs Harvard  9282018.033,URI,Harvard,URI VS Harvard,URI VS Harvard: 5,5,8,2,10,2nd,Long,L,2nd and Long,15,85,90 _ 100,L,11,,WK,DEUCE RT,DEUCE,,,1,P,QUICK,6,COM,0,,NICKEL,UNDER G,,4_2,4,2,SO,1,,1,MAN,C,,,
Xchange-URI OFF vs Harvard  9282018.034,URI,Harvard,URI VS Harvard,URI VS Harvard: 5,5,9,3,4,3rd,Short,S,3rd and Short,9,91,90 _ 100,L,11,,WK,TRIPS RT,TRIPS,,,1,P,DBP,9,SCRAM,0,TD,NICKEL,UNDER G,,4_1,4,1,BOSS,1,X,1,MAN,C,,MC,
Xchange-URI OFF vs Harvard  9282018.035,URI,Harvard,URI VS Harvard,URI VS Harvard: 6,6,1,1,10,1st,Long,L,1st and Long,-7,7,10 _ 20,R,12,,ST,DING RT,DING,,,0,R,BUCK,6,,0,,BASE,HEADS,,4_1,4,1,WHSW,6,,4,ZONE,O,,,
Xchange-URI OFF vs Harvard  9282018.036,URI,Harvard,URI VS Harvard,URI VS Harvard: 6,6,2,2,4,2nd,Short,S,2nd and Short,-13,13,10 _ 20,R,11,,ST,TREY LT ON,TREY ON,,,1,P,SMOKE,8,COM,0,,BASE,OVER G,7,4_2,4,2,SW,6,,4,ZONE,O,2I 5 DIG,,
Xchange-URI OFF vs Harvard  9282018.037,URI,Harvard,URI VS Harvard,URI VS Harvard: 6,6,3,1,10,1st,Long,L,1st and Long,-21,21,20 _ 30,L,11,,ST,TREY RT ON,TREY ON,,,0,R,INSIDE ZONE,5,,0,,BASE,OVER G,7,4_2,4,2,SW,4,X,4,ZONE,O,,,
Xchange-URI OFF vs Harvard  9282018.038,URI,Harvard,URI VS Harvard,URI VS Harvard: 6,6,4,2,5,2nd,Medium,M,2nd and Medium,-26,26,30 _ 40,L,12,,ST,DING LT,DING,,,0,R,TRUCK,4,,0,,BASE,HEADS,7,4_1,4,1,WHSW,6,,4,ZONE,O,,,
Xchange-URI OFF vs Harvard  9282018.039,URI,Harvard,URI VS Harvard,URI VS Harvard: 6,6,5,3,1,3rd,Short,S,3rd and Short,-30,30,30 _ 40,L,12,,PIST FULL,RT,RT,,,0,R,ISO,0,,0,PUNT,BASE,TITE,,4_3,4,3,,4,PRESS,4,ZONE,O,,,
Xchange-URI OFF vs Harvard  9282018.040,URI,Harvard,URI VS Harvard,URI VS Harvard: 7,7,1,1,10,1st,Long,L,1st and Long,-24,24,20 _ 30,R,11,,ST,DUO RT ON,DUO ON,,,0,R,POWER,0,,0,,BASE,UNDER G,7,4_1,4,1,SWW,4,X,4,ZONE,O,,,
Xchange-URI OFF vs Harvard  9282018.041,URI,Harvard,URI VS Harvard,URI VS Harvard: 7,7,2,2,10,2nd,Long,L,2nd and Long,-24,24,20 _ 30,R,11,Y LT,ST,TREY LT,TREY,,,1,P,PA,0,INC,0,,BASE,OVER G,,4_2,4,2,SW,4,X,4,ZONE,O,,,
Xchange-URI OFF vs Harvard  9282018.042,URI,Harvard,URI VS Harvard,URI VS Harvard: 7,7,3,3,10,3rd,Long,L,3rd and Long,-24,24,20 _ 30,R,11,,ST,DEUCE LT,DEUCE,,,1,P,DBP,0,INC,0,PUNT,NICKEL,UNDER G,,4_2,4,2,SO,1,,1,MAN,C,WB R DROP,,
Xchange-URI OFF vs Harvard  9282018.043,URI,Harvard,URI VS Harvard,URI VS Harvard: 8,8,1,1,10,1st,Long,L,1st and Long,-16,16,20 _ 30,M,11,,ST,TREY LT ON,TREY ON,,,0,R,INSIDE ZONE,4,,0,,BASE,OVER G,7,4_2,4,2,SW,4,X,4,ZONE,O,,,
Xchange-URI OFF vs Harvard  9282018.044,URI,Harvard,URI VS Harvard,URI VS Harvard: 8,8,2,2,6,2nd,Medium,M,2nd and Medium,-20,20,20 _ 30,LM,12,Z ROCKET,WK,DICE RT,DICE,,,0,R,RACE,2,COM,0,,BASE,HEADS,7 7,4_1,4,1,SWW,3 CLD STR,SLICE,3,ZONE,C,,,
Xchange-URI OFF vs Harvard  9282018.045,URI,Harvard,URI VS Harvard,URI VS Harvard: 8,8,3,3,4,3rd,Short,S,3rd and Short,-22,22,20 _ 30,L,11,,WK,TRIPS RT,TRIPS,,,1,P,DBP,-9,SACK,0,PUNT,BASE,UNDER G,,4_1,4,1,BOSS,1,DBL X,1,MAN,O,,,
Xchange-URI OFF vs Harvard  9282018.046,URI,Harvard,URI VS Harvard,URI VS Harvard: 9,9,1,1,10,1st,Long,L,1st and Long,-17,17,20 _ 30,R,12,Y LT,ST,DING RT,DING,,,0,R,LOCK,4,,0,,BASE,HEADS,7,4_1,4,1,WHSW,6,,4,ZONE,O,,,
Xchange-URI OFF vs Harvard  9282018.047,URI,Harvard,URI VS Harvard,URI VS Harvard: 9,9,2,2,6,2nd,Medium,M,2nd and Medium,-21,21,20 _ 30,R,12,Y LT,ST,DING RT,DING,,,1,P,DBP,0,INC,0,,BASE,HEADS,7,4_1,4,1,WHSW,6,,4,ZONE,O,,,
Xchange-URI OFF vs Harvard  9282018.048,URI,Harvard,URI VS Harvard,URI VS Harvard: 9,9,3,3,6,3rd,Medium,M,3rd and Medium,-21,21,20 _ 30,R,11,TAP,ST,DEUCE LT,DEUCE,,,1,P,DBP,4,COM,0,PUNT,NICKEL,UNDER G,,4_1,4,1,SWW,32,,3,ZONE,C,E PEEL,M1 WSA,
Xchange-URI OFF vs Harvard  9282018.049,URI,Harvard,URI VS Harvard,URI VS Harvard: 10,10,1,1,10,1st,Long,L,1st and Long,-31,31,30 _ 40,LM,11,,ST,TREY RT ON,TREY ON,,,1,P,DBP,24,COM,0,,BASE,OVER G,7,4_2,4,2,SW,4,X,4,ZONE,O,,,
Xchange-URI OFF vs Harvard  9282018.050,URI,Harvard,URI VS Harvard,URI VS Harvard: 10,10,2,1,10,1st,Long,L,1st and Long,45,55,60 _ 70,L,12,,ST,DING LT,DING,,,0,R,BUCK,0,,0,,BASE,HEADS,7,4_1,4,1,WHSW,6,,4,ZONE,O,,,
Xchange-URI OFF vs Harvard  9282018.051,URI,Harvard,URI VS Harvard,URI VS Harvard: 10,10,3,2,10,2nd,Long,L,2nd and Long,45,55,60 _ 70,L,12,Y RODEO,PIST FULL,RT,RT,,,0,R,ISO,4,,0,,BASE,TITE,,4_3,4,3,,4,X,4,ZONE,O,,,
Xchange-URI OFF vs Harvard  9282018.052,URI,Harvard,URI VS Harvard,URI VS Harvard: 10,10,4,3,6,3rd,Medium,M,3rd and Medium,41,59,60 _ 70,R,11,,ST,TREY LT,TREY,,,1,P,PA,-13,SACK,0,PUNT,NICKEL,UNDER G,,4_2,4,2,,1,X,1,MAN,C,SC R DROP,,
Xchange-URI OFF vs Harvard  9282018.053,URI,Harvard,URI VS Harvard,URI VS Harvard: 11,11,1,1,10,1st,Long,L,1st and Long,-36,36,40 _ 50,R,11,,ST,DUO RT ON,DUO ON,,,0,R,TRAP,1,,0,,BASE,HEADS,7,4_2,4,2,SW,4,X,4,ZONE,O,,,4MIN
Xchange-URI OFF vs Harvard  9282018.054,URI,Harvard,URI VS Harvard,URI VS Harvard: 11,11,2,2,9,2nd,Long,L,2nd and Long,-37,37,40 _ 50,R,12,,WK,DICE LT,DICE,,,0,R,TRUCK,1,,0,,BASE,HEADS,,4_1,4,1,SWW,4,PRESS,4,ZONE,O,,,4MIN
Xchange-URI OFF vs Harvard  9282018.055,URI,Harvard,URI VS Harvard,URI VS Harvard: 11,11,3,3,8,3rd,Long,L,3rd and Long,-38,38,40 _ 50,R,11,Y LT,WK,TREY LT,TREY,,,1,P,DBP,0,INC,0,PUNT,NICKEL,OVER G,,4_2,4,2,SO,1,X,1,MAN,C,W2 E DROP,,4MIN
Xchange-URI OFF vs Harvard  9282018.056,URI,Harvard,URI VS Harvard,URI VS Harvard: 12,12,1,1,10,1st,Long,L,1st and Long,30,70,70 _ 80,L,12,Y RT,ST,DING LT,DING,,,0,R,LOCK,-13,,0,,BASE,HEADS,7,4_1,4,1,WHSW,6,,4,ZONE,O,,,4MIN
Xchange-URI OFF vs Harvard  9282018.057,URI,Harvard,URI VS Harvard,URI VS Harvard: 12,12,2,2,23,2nd,Extra Long,aL,2nd and Extra Long,43,57,60 _ 70,L,12,T RODEO,PIST FULL,RT,RT,,,1,P,PA,,INT,0,INT,BASE,TITE,,4_3,4,3,,4,X,4,ZONE,O,,,4MIN
Xchange-URI OFF vs Harvard  9282018.058,URI,Harvard,URI VS Harvard,URI VS Harvard: 13,13,1,1,10,1st,Long,L,1st and Long,28,72,70 _ 80,L,12,,ST,DING LT,DING,,,0,R,TRUCK,-10,,0,,BASE,OVER G,7,4_1,4,1,WHSW,6,,4,ZONE,O,,,4MIN
Xchange-URI OFF vs Harvard  9282018.059,URI,Harvard,URI VS Harvard,URI VS Harvard: 13,13,2,1,20,1st,Extra Long,aL,1st and Extra Long,38,62,60 _ 70,L,12,,ST,TRIO RT ON,TRIO ON,,,0,R,INSIDE ZONE,1,,0,,BASE,OVER G,7 7,4_1,4,1,WHSW,6,,4,ZONE,O,,,4MIN
Xchange-URI OFF vs Harvard  9282018.060,URI,Harvard,URI VS Harvard,URI VS Harvard: 13,13,3,2,19,2nd,Extra Long,aL,2nd and Extra Long,37,63,60 _ 70,LM,12,,ST,DING LT,DING,,,0,R,BUCK,-3,,0,,BASE,OVER G,7,4_1,4,1,WHSW,6,,4,ZONE,O,,,4MIN
Xchange-URI OFF vs Harvard  9282018.061,URI,Harvard,URI VS Harvard,URI VS Harvard: 13,13,4,3,22,3rd,Extra Long,aL,3rd and Extra Long,40,60,60 _ 70,L,11,W RODEO,ST,DEUCE RT,DEUCE,,,0,R,INSIDE ZONE,-2,,0,PUNT,NICKEL,OVER G,,4_2,4,2,SW,3 SNOW,,3,ZONE,C,,,4MIN
18 02 HARVARD DEF vs BROWN OFF.001,Brown,Harvard,Brown VS Harvard,Brown VS Harvard: 1,1,1,1,10,1st,Long,L,1st and Long,-25,25,30 _ 40,R,11,,ST,TREY RT ON,TREY ON,,,1,P,RPO,15,COM,0,,BASE,OVER G,7,4_2,4,2,SW,4,X,4,ZONE,O,,,
18 02 HARVARD DEF vs BROWN OFF.002,Brown,Harvard,Brown VS Harvard,Brown VS Harvard: 1,1,2,1,10,1st,Long,L,1st and Long,-40,40,40 _ 50,R,11,,GUN,EMPTY RT,EMPTY,,,1,P,SHOVEL,12,COM,0,,BASE,OVER G,,4_1,4,1,SWW,4 SOLO,X,4,ZONE,O,,,
18 02 HARVARD DEF vs BROWN OFF.003,Brown,Harvard,Brown VS Harvard,Brown VS Harvard: 1,1,3,1,10,1st,Long,L,1st and Long,48,52,50 _ 60,L,12,Z RETURN,GUN,EMPTY TRUNK RT,EMPTY,,,1,P,NAKED,0,INC,0,,BASE,OVER G,5,4_1,4,1,WH,4,,4,ZONE,O,,,
18 02 HARVARD DEF vs BROWN OFF.004,Brown,Harvard,Brown VS Harvard,Brown VS Harvard: 1,1,4,2,10,2nd,Long,L,2nd and Long,48,52,50 _ 60,L,11,,GUN,EMPTY LT,EMPTY,,,1,P,DBP,8,SCRAM,0,,BASE,OVER G,,4_0,4,0,SMWO,33 SS HOLE,X,3,ZONE,C,,MB,
18 02 HARVARD DEF vs BROWN OFF.005,Brown,Harvard,Brown VS Harvard,Brown VS Harvard: 1,1,5,3,2,3rd,Short,S,3rd and Short,40,60,60 _ 70,L,11,,WK,TRIO LT,TRIO,,,1,P,SHOVEL,15,COM,0,,BASE,OVER G,7,4_1,4,1,SWW,3 SNOW,,3,ZONE,C,,,
18 02 HARVARD DEF vs BROWN OFF.006,Brown,Harvard,Brown VS Harvard,Brown VS Harvard: 1,1,6,1,10,1st,Long,L,1st and Long,25,75,80 _ 90,R,21,W RODEO,SPLIT,OPEN RT,OPEN,,,1,P,BLING,1,COM,0,,BASE,HEADS,,4_2,4,2,SW,3 SNOW,X,3,ZONE,C,,,
18 02 HARVARD DEF vs BROWN OFF.007,Brown,Harvard,Brown VS Harvard,Brown VS Harvard: 1,1,7,2,9,2nd,Long,L,2nd and Long,24,76,80 _ 90,L,11,,ST,DUO RT,DUO,,,1,P,RPO,0,INC,0,,BASE,UNDER G,,4_1,4,1,SWW,4,X,4,ZONE,O,,,
18 02 HARVARD DEF vs BROWN OFF.008,Brown,Harvard,Brown VS Harvard,Brown VS Harvard: 1,1,8,3,9,3rd,Long,L,3rd and Long,24,76,80 _ 90,L,11,,ST,DEUCE LT,DEUCE,,,1,P,SCREEN,12,COM,0,,BASE,OVER G,,4_2,4,2,SO,1,X,1,MAN,C,W2 R DROP,,
18 02 HARVARD DEF vs BROWN OFF.009,Brown,Harvard,Brown VS Harvard,Brown VS Harvard: 1,1,9,1,10,1st,Long,L,1st and Long,12,88,90 _ 100,L,11,,ST,DUO RT ON,DUO ON,,,0,R,READ,2,,0,,BASE,UNDER G,7,4_1,4,1,SWW,4,X,4,ZONE,O,,,
18 02 HARVARD DEF vs BROWN OFF.010,Brown,Harvard,Brown VS Harvard,Brown VS Harvard: 1,1,10,2,8,2nd,Long,L,2nd and Long,10,90,90 _ 100,L,11,,ST,TREY LT ON,TREY ON,,,1,P,RPO,0,INC,0,,BASE,OVER G,7,4_2,4,2,SW,42,X,4,ZONE,O,,SC,
18 02 HARVARD DEF vs BROWN OFF.011,Brown,Harvard,Brown VS Harvard,Brown VS Harvard: 1,1,11,3,8,3rd,Long,L,3rd and Long,10,90,90 _ 100,L,12,,WK,DING RT,DING,,,1,P,NAKED,0,INC,3,FG - GOOD,BASE,OVER G,5,4_1,4,1,WH,6,,4,ZONE,O,,,
18 02 HARVARD DEF vs BROWN OFF.012,Brown,Harvard,Brown VS Harvard,Brown VS Harvard: 2,2,1,1,10,1st,Long,L,1st and Long,-25,25,30 _ 40,R,11,,ST,DUO LT,DUO,,,0,R,TRAP,3,,0,,BASE,UNDER G,,4_1,4,1,SWW,4,X,4,ZONE,O,,,
18 02 HARVARD DEF vs BROWN OFF.013,Brown,Harvard,Brown VS Harvard,Brown VS Harvard: 2,2,2,2,7,2nd,Medium,M,2nd and Medium,-28,28,30 _ 40,M,11,,ST,TREY LT ON,TREY ON,,,1,P,RPO,2,COM,0,,BASE,OVER G,7,4_2,4,2,SW,4 SOLO,X,4,ZONE,O,,,
18 02 HARVARD DEF vs BROWN OFF.014,Brown,Harvard,Brown VS Harvard,Brown VS Harvard: 2,2,3,3,5,3rd,Medium,M,3rd and Medium,-30,30,30 _ 40,R,11,,WK,TREY RT ON,TREY ON,,,1,P,QUICK,0,INC,0,PUNT,BASE,UNDER G,7,4_2,4,2,SW,4 SOLO,X,4,ZONE,O,,,
18 02 HARVARD DEF vs BROWN OFF.015,Brown,Harvard,Brown VS Harvard,Brown VS Harvard: 3,3,1,1,10,1st,Long,L,1st and Long,-25,25,30 _ 40,R,11,,ST,TREY RT,TREY,,,1,P,PA,0,INC,0,,BASE,OVER G,,4_2,4,2,SW,4 SOLO,X,4,ZONE,O,,,
18 02 HARVARD DEF vs BROWN OFF.016,Brown,Harvard,Brown VS Harvard,Brown VS Harvard: 3,3,2,2,10,2nd,Long,L,2nd and Long,-25,25,30 _ 40,R,11,,ST,DEUCE RT,DEUCE,,,1,P,SCREEN,18,COM,0,,BASE,OVER G,,4_1,4,1,SWW,42,,4,ZONE,O,,MB,
18 02 HARVARD DEF vs BROWN OFF.017,Brown,Harvard,Brown VS Harvard,Brown VS Harvard: 3,3,3,1,10,1st,Long,L,1st and Long,-43,43,40 _ 50,L,12,,ST,DING RT,DING,,,1,P,PA,0,INC,0,,BASE,UNDER G,7,4_1,4,1,WH,4,,4,ZONE,O,,,
18 02 HARVARD DEF vs BROWN OFF.018,Brown,Harvard,Brown VS Harvard,Brown VS Harvard: 3,3,4,2,10,2nd,Long,L,2nd and Long,-43,43,40 _ 50,L,11,,WK,DEUCE LT,DEUCE,,,1,P,PA,-5,SACK,0,,BASE,UNDER G,,4_1,4,1,SWW,6,X,4,ZONE,O,,,
18 02 HARVARD DEF vs BROWN OFF.019,Brown,Harvard,Brown VS Harvard,Brown VS Harvard: 3,3,5,3,15,3rd,Extra Long,aL,3rd and Extra Long,-38,38,40 _ 50,M,11,,ST,TRIPS RT,TRIPS,,,1,P,DBP,0,INC,0,PUNT,ODD,ODD,,3_3,3,3,MUG,4,,4,ZONE,O,MC EM NE,,
18 02 HARVARD DEF vs BROWN OFF.020,Brown,Harvard,Brown VS Harvard,Brown VS Harvard: 4,4,1,1,10,1st,Long,L,1st and Long,-7,7,10 _ 20,R,11,,WK,TREY RT,TREY,,,0,R,OUTSIDE ZONE,5,,0,,BASE,OVER G,,4_2,4,2,SW,4,X,4,ZONE,O,,,
18 02 HARVARD DEF vs BROWN OFF.021,Brown,Harvard,Brown VS Harvard,Brown VS Harvard: 4,4,2,2,5,2nd,Medium,M,2nd and Medium,-12,12,10 _ 20,R,11,,ST,DUO RT ON,DUO ON,Y,,0,R,READ,3,,0,,BASE,UNDER G,7,4_1,4,1,SW,6,,4,ZONE,O,,,
18 02 HARVARD DEF vs BROWN OFF.022,Brown,Harvard,Brown VS Harvard,Brown VS Harvard: 4,4,3,3,2,3rd,Short,S,3rd and Short,-15,15,20 _ 30,R,11,,ST,TRIPS RT,TRIPS,,,0,R,READ,3,,0,,BASE,OVER G,,4_2,4,2,BOSS,4 SOLO,X,4,ZONE,O,,,
18 02 HARVARD DEF vs BROWN OFF.023,Brown,Harvard,Brown VS Harvard,Brown VS Harvard: 4,4,4,1,10,1st,Long,L,1st and Long,-18,18,20 _ 30,R,21,W RODEO,SPLIT,OPEN RT,OPEN,,,0,R,BLING,-9,,0,,BASE,HEADS,,4_2,4,2,SW,3 SNOW,X,3,ZONE,C,,,
18 02 HARVARD DEF vs BROWN OFF.024,Brown,Harvard,Brown VS Harvard,Brown VS Harvard: 4,4,5,1,19,1st,Extra Long,aL,1st and Extra Long,-9,9,10 _ 20,R,11,,ST,TRIPS RT,TRIPS,,,0,R,SKETCH,8,,0,,BASE,OVER G,,4_1,4,1,BOSS,4 SOLO,X,4,ZONE,O,,,
18 02 HARVARD DEF vs BROWN OFF.025,Brown,Harvard,Brown VS Harvard,Brown VS Harvard: 4,4,6,2,11,2nd,Extra Long,aL,2nd and Extra Long,-17,17,20 _ 30,R,11,,WK,DUO LT ON,DUO ON,,,1,P,QUICK,2,COM,0,,BASE,OVER G,5,4_1,4,1,SWW,4,,4,ZONE,O,,,
18 02 HARVARD DEF vs BROWN OFF.026,Brown,Harvard,Brown VS Harvard,Brown VS Harvard: 4,4,7,3,9,3rd,Long,L,3rd and Long,-19,19,20 _ 30,R,11,,GUN,EMPTY RT,EMPTY,,,1,P,QUICK,0,INT,0,INT,NICKEL,OVER G,,4_0,4,0,MWW,32,,3,ZONE,C,TE NR,MC W3,
18 02 HARVARD DEF vs BROWN OFF.027,Brown,Harvard,Brown VS Harvard,Brown VS Harvard: 5,5,1,1,10,1st,Long,L,1st and Long,-20,20,20 _ 30,L,11,W ROCKET,GUN,EMPTY TRIO,EMPTY,,,1,P,SHOVEL,2,COM,0,,BASE,UNDER G,7,4_1,4,1,SWW,3 SNOW,,3,ZONE,C,,,
18 02 HARVARD DEF vs BROWN OFF.028,Brown,Harvard,Brown VS Harvard,Brown VS Harvard: 5,5,2,2,8,2nd,Long,L,2nd and Long,-22,22,20 _ 30,L,11,,ST,TREY LT,TREY,,,0,R,LOCK,2,,0,,BASE,OVER G,,4_2,4,2,SW,4 SOLO,X,4,ZONE,O,,,
18 02 HARVARD DEF vs BROWN OFF.029,Brown,Harvard,Brown VS Harvard,Brown VS Harvard: 5,5,3,3,6,3rd,Medium,M,3rd and Medium,-24,24,20 _ 30,L,11,,WK,TRIPS LT,TRIPS,,,1,P,DBP,,INT,0,INT,BASE,OVER G,,4_1,4,1,SO,4 SOLO,X,4,ZONE,O,,,
18 02 HARVARD DEF vs BROWN OFF.030,Brown,Harvard,Brown VS Harvard,Brown VS Harvard: 6,6,1,1,10,1st,Long,L,1st and Long,-25,25,30 _ 40,R,11,W RODEO,WK,DUO LT ON,DUO ON,,,1,P,TRICK,53,COM,0,,BASE,UNDER G,7,4_2,4,2,SW,4,X,4,ZONE,O,,,
18 02 HARVARD DEF vs BROWN OFF.031,Brown,Harvard,Brown VS Harvard,Brown VS Harvard: 6,6,2,1,10,1st,Long,L,1st and Long,22,78,80 _ 90,L,13,Z RETURN,WK,THICK RT,THICK,Y,,1,P,PA,18,COM,0,,BASE,UNDER G,7 7,4_1,4,1,SWH,4,,4,ZONE,O,,,
18 02 HARVARD DEF vs BROWN OFF.032,Brown,Harvard,Brown VS Harvard,Brown VS Harvard: 6,6,3,1,4,1st,Short,S,1st and Short,4,96,100 _ 110,L,11,,ST,TREY LT ON,TREY ON,,,0,R,READ,2,,0,,BASE,OVER G,7,4_2,4,2,SW,1,X,1,MAN,C,,,
18 02 HARVARD DEF vs BROWN OFF.033,Brown,Harvard,Brown VS Harvard,Brown VS Harvard: 6,6,4,2,2,2nd,Short,S,2nd and Short,2,98,100 _ 110,L,11,,ST,DUO RT ON,DUO ON,,,0,R,READ,-1,,0,,BASE,UNDER G,7,4_2,4,2,SW,1,,1,MAN,C,,,
18 02 HARVARD DEF vs BROWN OFF.034,Brown,Harvard,Brown VS Harvard,Brown VS Harvard: 6,6,5,3,3,3rd,Short,S,3rd and Short,3,97,100 _ 110,L,12,T LT,GUN,EMPTY DING,EMPTY,,,1,P,SHOVEL,0,INC,0,,BASE,OVER G,7,4_2,4,2,WH,1,,1,MAN,C,,,
18 02 HARVARD DEF vs BROWN OFF.035,Brown,Harvard,Brown VS Harvard,Brown VS Harvard: 6,6,6,4,3,4th,Short,S,4th and Short,3,97,100 _ 110,L,11,,GUN,EMPTY TRIO,EMPTY,,,1,P,SHOVEL,0,INC,0,DOWNS,BASE,UNDER G,7,4_2,4,2,WH,1,,1,MAN,C,,,
18 02 HARVARD DEF vs BROWN OFF.036,Brown,Harvard,Brown VS Harvard,Brown VS Harvard: 7,7,1,1,10,1st,Long,L,1st and Long,-27,27,30 _ 40,R,11,,ST,DEUCE RT,DEUCE,,,1,P,SCREEN,9,COM,0,,BASE,OVER G,,4_1,4,1,SW,4,BAIL,4,ZONE,O,,,
18 02 HARVARD DEF vs BROWN OFF.037,Brown,Harvard,Brown VS Harvard,Brown VS Harvard: 7,7,2,2,1,2nd,Short,S,2nd and Short,-36,36,40 _ 50,R,11,,ST,TREY RT ON,TREY ON,,,0,R,INSIDE ZONE,1,,0,,BASE,UNDER G,7,4_2,4,2,SW,4 SOLO,X,4,ZONE,O,,,
18 02 HARVARD DEF vs BROWN OFF.038,Brown,Harvard,Brown VS Harvard,Brown VS Harvard: 7,7,3,1,10,1st,Long,L,1st and Long,-37,37,40 _ 50,R,11,,ST,DEUCE RT,DEUCE,,,1,P,SCREEN,-10,PEN,0,,BASE,OVER G,,4_1,4,1,WO,3 SNOW,X,3,ZONE,C,,,
18 02 HARVARD DEF vs BROWN OFF.039,Brown,Harvard,Brown VS Harvard,Brown VS Harvard: 7,7,4,1,20,1st,Extra Long,aL,1st and Extra Long,-27,27,30 _ 40,R,11,,ST,TRIO RT,TRIO,,,1,P,PA,0,INC,0,,BASE,UNDER G,7,4_2,4,2,WH,33 SNOW,,3,ZONE,C,,SB,
18 02 HARVARD DEF vs BROWN OFF.040,Brown,Harvard,Brown VS Harvard,Brown VS Harvard: 7,7,5,2,20,2nd,Extra Long,aL,2nd and Extra Long,-27,27,30 _ 40,R,11,,ST,TRIPS RT,TRIPS,,,1,P,DBP,14,COM,0,,BASE,OVER G,,4_1,4,1,BOSS,4,,4,ZONE,O,,,
18 02 HARVARD DEF vs BROWN OFF.041,Brown,Harvard,Brown VS Harvard,Brown VS Harvard: 7,7,6,3,6,3rd,Medium,M,3rd and Medium,-41,41,40 _ 50,L,11,,ST,DEUCE LT,DEUCE,,,1,P,DBP,0,INC,0,PUNT,BASE,UNDER G,,4_2,4,2,,1,,1,MAN,C,W1 R DROP,,
18 02 HARVARD DEF vs BROWN OFF.042,Brown,Harvard,Brown VS Harvard,Brown VS Harvard: 8,8,1,1,3,1st,Short,S,1st and Short,3,97,100 _ 110,R,11,T RT,GUN,EMPTY TRIO,EMPTY,,,1,P,SHOVEL,0,INC,0,,BASE,OVER G,7,4_2,4,2,SO,1,,1,MAN,C,,,
18 02 HARVARD DEF vs BROWN OFF.043,Brown,Harvard,Brown VS Harvard,Brown VS Harvard: 8,8,2,2,3,2nd,Short,S,2nd and Short,3,97,100 _ 110,R,11,,ST,DEUCE RT,DEUCE,,,1,P,SCREEN,-1,COM,0,,BASE,OVER G,,4_2,4,2,,1,X,1,MAN,C,,,
18 02 HARVARD DEF vs BROWN OFF.044,Brown,Harvard,Brown VS Harvard,Brown VS Harvard: 8,8,3,3,4,3rd,Short,S,3rd and Short,4,96,100 _ 110,R,11,,ST,TREY RT ON,TREY ON,,,1,P,RPO,4,COM,0,TD,BASE,OVER G,7,4_2,4,2,SW,1,PRESS,1,MAN,C,,,
18 02 HARVARD DEF vs BROWN OFF.045,Brown,Harvard,Brown VS Harvard,Brown VS Harvard: 9,9,1,1,10,1st,Long,L,1st and Long,-30,30,30 _ 40,R,12,X ROCKET,ST,DICE RT,DICE,,,0,R,TRICK,-9,,0,,BASE,UNDER G,7,4_2,4,2,SW,3 HOOK ST,,3,ZONE,C,,,
18 02 HARVARD DEF vs BROWN OFF.046,Brown,Harvard,Brown VS Harvard,Brown VS Harvard: 9,9,2,2,19,2nd,Extra Long,aL,2nd and Extra Long,-21,21,20 _ 30,R,11,,WK,DUO LT ON,DUO ON,,,1,P,QUICK,10,COM,0,,BASE,OVER G,7,4_1,4,1,SWW,4,,4,ZONE,O,TR BDY,,
18 02 HARVARD DEF vs BROWN OFF.047,Brown,Harvard,Brown VS Harvard,Brown VS Harvard: 9,9,3,3,9,3rd,Long,L,3rd and Long,-31,31,30 _ 40,L,12,,WK,DING RT,DING,,,1,P,PA,0,INC,0,PUNT,ODD,ODD,,3_3,3,3,RH,1,,1,MAN,C,,MB SC,
18 02 HARVARD DEF vs BROWN OFF.048,Brown,Harvard,Brown VS Harvard,Brown VS Harvard: 10,10,1,1,10,1st,Long,L,1st and Long,-12,12,10 _ 20,L,11,,ST,TREY LT,TREY,,,1,P,RPO,55,COM,0,,BASE,OVER G,,4_2,4,2,SW,4 SOLO,X,4,ZONE,O,,,
18 02 HARVARD DEF vs BROWN OFF.049,Brown,Harvard,Brown VS Harvard,Brown VS Harvard: 10,10,2,1,10,1st,Long,L,1st and Long,33,67,70 _ 80,L,11,,ST,DUO RT ON,DUO ON,,,1,P,BUBBLE,4,COM,0,,BASE,UNDER G,7,4_2,4,2,SW,4,X,4,ZONE,O,,,
18 02 HARVARD DEF vs BROWN OFF.050,Brown,Harvard,Brown VS Harvard,Brown VS Harvard: 10,10,3,2,6,2nd,Medium,M,2nd and Medium,29,71,70 _ 80,R,11,,ST,DEUCE RT,DEUCE,,,1,P,DBP,0,INC,0,,BASE,OVER G,,4_2,4,2,SW,4,X,4,ZONE,O,,,
18 02 HARVARD DEF vs BROWN OFF.051,Brown,Harvard,Brown VS Harvard,Brown VS Harvard: 10,10,4,3,6,3rd,Medium,M,3rd and Medium,29,71,70 _ 80,R,12,,ST,DING LT,DING,,,1,P,RPO,29,COM,0,TD,BASE,OVER G,7,4_2,4,2,WH,6,,4,ZONE,O,,,
18 02 HARVARD DEF vs BROWN OFF.052,Brown,Harvard,Brown VS Harvard,Brown VS Harvard: 11,11,1,1,10,1st,Long,L,1st and Long,-12,12,10 _ 20,L,11,,ST,TREY RT,TREY,,,1,P,RPO,5,COM,0,,BASE,OVER G,,4_2,4,2,SW,4,,4,ZONE,O,,,
18 02 HARVARD DEF vs BROWN OFF.053,Brown,Harvard,Brown VS Harvard,Brown VS Harvard: 11,11,2,2,5,2nd,Medium,M,2nd and Medium,-17,17,20 _ 30,L,11,,WK,DUO RT ON,DUO ON,,,1,P,NAKED,0,INC,0,,BASE,OVER G,7,4_2,4,2,WH,4,,4,ZONE,O,,,
18 02 HARVARD DEF vs BROWN OFF.054,Brown,Harvard,Brown VS Harvard,Brown VS Harvard: 11,11,3,3,5,3rd,Medium,M,3rd and Medium,-17,17,20 _ 30,L,11,,ST,TRIPS LT,TRIPS,,,1,P,SKETCH,-2,,0,,NICKEL,OVER G,,4_2,4,2,SW,32,BAIL,3,ZONE,C,TE,MA SC,
18 02 HARVARD DEF vs BROWN OFF.055,Brown,Harvard,Brown VS Harvard,Brown VS Harvard: 11,11,4,4,7,4th,Medium,M,4th and Medium,-15,15,20 _ 30,L,,,WK,DEUCE LT,DEUCE,,,,N,,-5,,0,,NICKEL,ODD,,,,,,33 FIRE,,3,ZONE,C,,M1 W3,
18 02 HARVARD DEF vs BROWN OFF.056,Brown,Harvard,Brown VS Harvard,Brown VS Harvard: 11,11,5,4,12,4th,Extra Long,aL,4th and Extra Long,-10,10,10 _ 20,L,11,,WK,TRIPS LT,TRIPS,,,1,P,DBP,0,INC,0,DOWNS,BASE,OVER G,,4_2,,,SO,2 TAMPA,,2,ZONE,C,TR NE,,
18 02 HARVARD DEF vs BROWN OFF.057,Brown,Harvard,Brown VS Harvard,Brown VS Harvard: 12,12,1,1,10,1st,Long,L,1st and Long,-1,1,0 _ 10,L,11,,WK,TRIO LT,TRIO,,,1,P,DBP,0,INC,0,,ODD,ODD,,3_3,,,SO,60,,4,ZONE,O,,,BLOW OUT
18 02 HARVARD DEF vs BROWN OFF.058,Brown,Harvard,Brown VS Harvard,Brown VS Harvard: 12,12,2,2,10,2nd,Long,L,2nd and Long,-1,1,0 _ 10,L,11,,WK,DUO RT,DUO,,,0,R,INSIDE ZONE,3,,0,,ODD,ODD,,3_3,,,SO,4,,4,ZONE,O,W1,,BLOW OUT
18 02 HARVARD DEF vs BROWN OFF.059,Brown,Harvard,Brown VS Harvard,Brown VS Harvard: 12,12,3,3,7,3rd,Medium,M,3rd and Medium,-4,4,0 _ 10,L,11,,ST,TREY LT,TREY,,,0,R,INSIDE ZONE,2,,0,,ODD,ODD,,3_3,,,SO,4,,4,ZONE,O,MC EM,,BLOW OUT
18 02 HARVARD DEF vs BROWN OFF.060,Brown,Harvard,Brown VS Harvard,Brown VS Harvard: 12,12,4,4,5,4th,Medium,M,4th and Medium,-6,6,10 _ 20,L,11,,WK,TRIO LT,TRIO,,,1,P,DBP,10,COM,0,,ODD,ODD,,3_3,,,SO,40,,4,ZONE,O,,,BLOW OUT
18 02 HARVARD DEF vs BROWN OFF.061,Brown,Harvard,Brown VS Harvard,Brown VS Harvard: 12,12,5,1,10,1st,Long,L,1st and Long,-16,16,20 _ 30,R,11,,WK,TRIPS RT,TRIPS,,,1,P,DBP,0,INC,0,,ODD,ODD,,3_3,,,SO,4,,4,ZONE,O,W3 EW,,
18 02 HARVARD DEF vs BROWN OFF.062,Brown,Harvard,Brown VS Harvard,Brown VS Harvard: 12,12,6,2,10,2nd,Long,L,2nd and Long,-16,16,20 _ 30,R,11,,ST,DEUCE RT,DEUCE,,,1,P,SCREEN,4,COM,0,,ODD,ODD,,3_3,,,SO,60,,4,ZONE,O,,,BLOW OUT
18 02 HARVARD DEF vs BROWN OFF.063,Brown,Harvard,Brown VS Harvard,Brown VS Harvard: 12,12,7,3,6,3rd,Medium,M,3rd and Medium,-20,20,20 _ 30,R,11,,WK,DUO LT,DUO,,,0,R,INSIDE ZONE,7,,0,GAME,ODD,ODD,,3_3,,,SO,40,,4,ZONE,O,,,BLOW OUT
18 01 HARVARD DEF vs USD OFF.001,USD,Harvard,USD VS Harvard,USD VS Harvard: 1,1,1,1,10,1st,Long,L,1st and Long,-24,24,20 _ 30,R,12,,HOME,DICE LT OFF,DICE,,,1,P,QUICK,18,COM,0,,BASE,UNDER G,5 5,4_1,,,SWH,4,X,4,ZONE,O,,,
18 01 HARVARD DEF vs USD OFF.002,USD,Harvard,USD VS Harvard,USD VS Harvard: 1,1,2,1,10,1st,Long,L,1st and Long,-42,42,40 _ 50,L,12,,I,PRO RT,PRO,,,0,R,BUCK,2,,0,,BASE,OVER G,7,4_2,,,SH,4,X,4,ZONE,O,,,
18 01 HARVARD DEF vs USD OFF.003,USD,Harvard,USD VS Harvard,USD VS Harvard: 1,1,3,2,8,2nd,Long,L,2nd and Long,-44,44,40 _ 50,LM,12,Z ROCKET,ST,DICE RT,DICE,,,0,R,RACE,7,,0,,BASE,OVER G,5 5,4_1,,,SWH,3 SNOW,,3,ZONE,C,,,
18 01 HARVARD DEF vs USD OFF.004,USD,Harvard,USD VS Harvard,USD VS Harvard: 1,1,4,3,1,3rd,Short,S,3rd and Short,49,51,50 _ 60,R,12,Z ROCKET,WK,TREY ON UNB,UNB,,Y,0,R,RACE,-3,,0,PUNT,BASE,UNDER G,7,4_2,,,SCH,6,,4,ZONE,O,,,
18 01 HARVARD DEF vs USD OFF.005,USD,Harvard,USD VS Harvard,USD VS Harvard: 2,2,1,1,8,1st,Long,L,1st and Long,8,92,90 _ 100,R,12,W LT,HOME,TRIO LT IN,TRIO ON,,,0,R,OUTSIDE ZONE,-4,,0,,BASE,OVER G,5,4_2,,,SCH,6,,4,ZONE,O,,,
18 01 HARVARD DEF vs USD OFF.006,USD,Harvard,USD VS Harvard,USD VS Harvard: 2,2,2,2,12,2nd,Extra Long,aL,2nd and Extra Long,12,88,90 _ 100,LM,11,T LT,GUN,EMPTY RT,EMPTY,,,1,P,DBP,0,INC,0,,BASE,OVER G,,4_1,,,SWO,1 W HOLE,,1,MAN,C,,,
18 01 HARVARD DEF vs USD OFF.007,USD,Harvard,USD VS Harvard,USD VS Harvard: 2,2,3,3,12,3rd,Extra Long,aL,3rd and Extra Long,12,88,90 _ 100,LM,11,,WK,TREY RT ON,TREY ON,,,1,P,DBP,0,INC,3,FG - GOOD,NICKEL,ODD,,3_3,,,,70,,7,ZONE,O,,,
18 01 HARVARD DEF vs USD OFF.008,USD,Harvard,USD VS Harvard,USD VS Harvard: 3,3,1,1,10,1st,Long,L,1st and Long,-21,21,20 _ 30,R,12,T LT,GUN,EMPTY DING,EMPTY,,,1,P,QUICK,0,COM,0,,BASE,OVER G,7,4_2,,,CH,33,,3,ZONE,C,,COP4,
18 01 HARVARD DEF vs USD OFF.009,USD,Harvard,USD VS Harvard,USD VS Harvard: 3,3,2,2,10,2nd,Long,L,2nd and Long,-21,21,20 _ 30,L,11,W RODEO,HOME,TREY RT ON,TREY ON,,,0,R,INSIDE ZONE,11,,0,,BASE,HEADS,7,4_2,,,SW,4,X,4,ZONE,O,,,
18 01 HARVARD DEF vs USD OFF.010,USD,Harvard,USD VS Harvard,USD VS Harvard: 3,3,3,1,10,1st,Long,L,1st and Long,-32,32,30 _ 40,LM,12,W RT,I ST,TWINS RT,TWINS,,,1,P,PA,0,PEN,0,,BASE,HEADS,7,4_2,,,SW,6,,4,ZONE,O,,,
18 01 HARVARD DEF vs USD OFF.011,USD,Harvard,USD VS Harvard,USD VS Harvard: 3,3,4,2,10,2nd,Long,L,2nd and Long,-32,32,30 _ 40,LM,12,Z ROCKET,WK,DICE RT,DICE,,,0,R,INSIDE ZONE,1,,0,,BASE,UNDER G,7 7,4_2,,,SW,3 CLD STR,,3,ZONE,C,,,
18 01 HARVARD DEF vs USD OFF.012,USD,Harvard,USD VS Harvard,USD VS Harvard: 3,3,5,3,9,3rd,Long,L,3rd and Long,-33,33,30 _ 40,LM,11,,WK,TRIPS RT,TRIPS,,,1,P,DBP,0,INC,0,PUNT,BASE,OVER G,,4_2,,,SO,1,X,1,MAN,C,M2 E DROP,,
18 01 HARVARD DEF vs USD OFF.013,USD,Harvard,USD VS Harvard,USD VS Harvard: 4,4,1,1,10,1st,Long,L,1st and Long,-25,25,30 _ 40,L,12,W RT,HOME,TRIO RT IN,TRIO ON,,,1,P,NAKED,16,COM,0,,BASE,OVER G,7,4_2,,,SW,6,,4,ZONE,O,,,
18 01 HARVARD DEF vs USD OFF.014,USD,Harvard,USD VS Harvard,USD VS Harvard: 4,4,2,1,10,1st,Long,L,1st and Long,-41,41,40 _ 50,R,11,,WK,TRIPS LT,TRIPS,,,1,P,DBP,10,COM,0,,BASE,UNDER G,,4_1,,,SO,33,,3,ZONE,C,,COP3,
18 01 HARVARD DEF vs USD OFF.015,USD,Harvard,USD VS Harvard,USD VS Harvard: 4,4,3,1,10,1st,Long,L,1st and Long,49,51,50 _ 60,R,12,,HOME,TRUNK LT SQZ,TRUNK SQZ,,,0,R,TRICK,1,,0,,BASE,OVER G,7,4_2,,,SH,4,X,4,ZONE,O,,,
18 01 HARVARD DEF vs USD OFF.016,USD,Harvard,USD VS Harvard,USD VS Harvard: 4,4,4,2,9,2nd,Long,L,2nd and Long,48,52,50 _ 60,R,13,,I,WING RT,WING,,,0,R,OUTSIDE ZONE,7,,0,,BASE,OVER G,7,4_2,,,WH,4,,4,ZONE,O,,,
18 01 HARVARD DEF vs USD OFF.017,USD,Harvard,USD VS Harvard,USD VS Harvard: 4,4,5,3,2,3rd,Short,S,3rd and Short,41,59,60 _ 70,L,12,W RETURN,WK,TRUNK RT SQZ,TRUNK SQZ,,,1,P,DBP,0,INC,0,PUNT,BASE,UNDER G,5,4_2,,,SH,4,X,4,ZONE,O,,,
18 01 HARVARD DEF vs USD OFF.018,USD,Harvard,USD VS Harvard,USD VS Harvard: 5,5,1,1,10,1st,Long,L,1st and Long,-25,25,30 _ 40,L,11,W LT,HOME,DUO LT,DUO,,,1,P,PA,,INT,0,INT,BASE,OVER G,,4_1,,,SWW,4,X,4,ZONE,O,3 5 DIG,,
18 01 HARVARD DEF vs USD OFF.019,USD,Harvard,USD VS Harvard,USD VS Harvard: 6,6,1,1,10,1st,Long,L,1st and Long,-25,25,30 _ 40,LM,11,,WK,TREY RT ON,TREY ON,,,1,P,QUICK,28,COM,0,,BASE,UNDER G,7,4_2,,,SO,33,X,3,ZONE,C,,FS3,
18 01 HARVARD DEF vs USD OFF.020,USD,Harvard,USD VS Harvard,USD VS Harvard: 6,6,2,1,10,1st,Long,L,1st and Long,47,53,50 _ 60,L,12,Y LT,HOME,DICE RT OFF,DICE,,,0,R,INSIDE ZONE,2,,0,,BASE,OVER G,7,4_2,,,SWW,4,X,4,ZONE,O,,,
18 01 HARVARD DEF vs USD OFF.021,USD,Harvard,USD VS Harvard,USD VS Harvard: 6,6,3,2,8,2nd,Long,L,2nd and Long,45,55,60 _ 70,R,12,T RT,GUN,EMPTY TRUNK,EMPTY,,,1,P,QUICK,0,INC,0,,BASE,OVER G,7,4_1,,,WH,4,,4,ZONE,O,,,
18 01 HARVARD DEF vs USD OFF.022,USD,Harvard,USD VS Harvard,USD VS Harvard: 6,6,4,3,8,3rd,Long,L,3rd and Long,45,55,60 _ 70,R,11,,WK,TRIPS LT,TRIPS,,,1,P,DBP,12,COM,0,,NICKEL,ODD,,3_3,,,SW,32,,3,ZONE,C,,SC M2 COP3,
18 01 HARVARD DEF vs USD OFF.023,USD,Harvard,USD VS Harvard,USD VS Harvard: 6,6,5,1,10,1st,Long,L,1st and Long,33,67,70 _ 80,R,12,,HOME,DICE LT OFF,DICE,,,1,P,PA,0,INC,0,,BASE,OVER G,7,4_1,,,SWH,4,X,4,ZONE,O,,,
18 01 HARVARD DEF vs USD OFF.024,USD,Harvard,USD VS Harvard,USD VS Harvard: 6,6,6,2,10,2nd,Long,L,2nd and Long,33,67,70 _ 80,R,11,,ST,DUO RT ON,DUO ON,,,0,R,POWER,1,,0,,BASE,UNDER G,7,4_2,,,SW,33,,3,ZONE,C,,COP4,
18 01 HARVARD DEF vs USD OFF.025,USD,Harvard,USD VS Harvard,USD VS Harvard: 6,6,7,3,9,3rd,Long,L,3rd and Long,32,68,70 _ 80,R,11,,ST,DUO RT ON,DUO ON,,,1,P,DBP,0,INC,0,,BASE,OVER G,9,4_2,,,SW,3 FS HOLE,,3,ZONE,C,WB E DROP,,
18 01 HARVARD DEF vs USD OFF.026,USD,Harvard,USD VS Harvard,USD VS Harvard: 6,6,8,4,9,4th,Long,L,4th and Long,32,68,70 _ 80,R,11,,WK,TRIPS LT,TRIPS,,,1,P,DBP,0,INC,0,DOWNS,NICKEL,ODD,,3_3,,,SO,60,X,4,ZONE,O,,,
18 01 HARVARD DEF vs USD OFF.027,USD,Harvard,USD VS Harvard,USD VS Harvard: 7,7,1,1,10,1st,Long,L,1st and Long,-14,14,10 _ 20,R,21,,SPLIT,OPEN LT,OPEN,,,0,R,DECIDE,17,,0,,BASE,UNDER G,,4_2,,,SW,4,X,4,ZONE,O,,,
18 01 HARVARD DEF vs USD OFF.028,USD,Harvard,USD VS Harvard,USD VS Harvard: 7,7,2,1,10,1st,Long,L,1st and Long,-31,31,30 _ 40,L,12,,I ST,PRO RT,PRO,,,1,P,BOOT,11,COM,0,,BASE,OVER G,7,4_2,,,SH,4,X,4,ZONE,O,,,
18 01 HARVARD DEF vs USD OFF.029,USD,Harvard,USD VS Harvard,USD VS Harvard: 7,7,3,1,10,1st,Long,L,1st and Long,-42,42,40 _ 50,R,12,,I,PRO LT,PRO,,,1,P,QUICK,7,COM,0,,BASE,OVER G,7,4_2,,,SH,4,X,4,ZONE,O,,,
18 01 HARVARD DEF vs USD OFF.030,USD,Harvard,USD VS Harvard,USD VS Harvard: 7,7,4,2,3,2nd,Short,S,2nd and Short,-49,49,50 _ 60,L,11,W RT,HOME,TRIO RT,TRIO,,,0,R,INSIDE ZONE,17,,0,,BASE,OVER G,5,4_2,,,CH,33,,3,ZONE,C,,COP4,
18 01 HARVARD DEF vs USD OFF.031,USD,Harvard,USD VS Harvard,USD VS Harvard: 7,7,5,1,10,1st,Long,L,1st and Long,34,66,70 _ 80,L,12,,ST,DICE RT,DICE,,,0,R,TRICK,-7,,0,,BASE,OVER G,7 7,4_1,,,SWH,4,X,4,ZONE,O,,,
18 01 HARVARD DEF vs USD OFF.032,USD,Harvard,USD VS Harvard,USD VS Harvard: 7,7,6,2,17,2nd,Extra Long,aL,2nd and Extra Long,41,59,60 _ 70,L,12,,ST,DING LT,DING,,,1,P,DBP,0,INC,0,,BASE,UNDER G,5,4_2,,,SWCH,33,,3,ZONE,C,,COP4,
18 01 HARVARD DEF vs USD OFF.033,USD,Harvard,USD VS Harvard,USD VS Harvard: 7,7,7,3,17,3rd,Extra Long,aL,3rd and Extra Long,41,59,60 _ 70,L,,,,,,,,,N,,-5,,0,,,,,,,,,,,,,,,,
18 01 HARVARD DEF vs USD OFF.034,USD,Harvard,USD VS Harvard,USD VS Harvard: 7,7,8,3,22,3rd,Extra Long,aL,3rd and Extra Long,46,54,50 _ 60,L,11,,WK,TRIPS RT,TRIPS,,,1,P,SCREEN,7,COM,0,PUNT,NICKEL,ODD,,3_3,,,SW,60,X,4,ZONE,O,,,
18 01 HARVARD DEF vs USD OFF.035,USD,Harvard,USD VS Harvard,USD VS Harvard: 8,8,1,1,10,1st,Long,L,1st and Long,-18,18,20 _ 30,M,12,W LT,HOME,DICE LT OFF,DICE,,,0,R,INSIDE ZONE,3,,0,,BASE,OVER G,5,4_1,,,SH,4,X,4,ZONE,O,,,
18 01 HARVARD DEF vs USD OFF.036,USD,Harvard,USD VS Harvard,USD VS Harvard: 8,8,2,2,7,2nd,Medium,M,2nd and Medium,-21,21,20 _ 30,M,11,,WK,TRIO RT,TRIO,,,1,P,QUICK,11,COM,0,,BASE,OVER G,7,4_1,,,SO,6,,4,ZONE,O,,,
18 01 HARVARD DEF vs USD OFF.037,USD,Harvard,USD VS Harvard,USD VS Harvard: 8,8,3,1,10,1st,Long,L,1st and Long,-32,32,30 _ 40,L,11,,WK,DUO LT ON,DUO ON,,,1,P,QUICK,7,COM,0,,BASE,OVER G,7,4_1,,,SWW,4,X,4,ZONE,O,,,
18 01 HARVARD DEF vs USD OFF.038,USD,Harvard,USD VS Harvard,USD VS Harvard: 8,8,4,2,3,2nd,Short,S,2nd and Short,-39,39,40 _ 50,R,12,,HOME,DICE LT OFF,DICE OFF,,,0,R,OUTSIDE ZONE,2,,0,,BASE,UNDER G,5,4_1,,,SWW,4,X,4,ZONE,O,,,
18 01 HARVARD DEF vs USD OFF.039,USD,Harvard,USD VS Harvard,USD VS Harvard: 8,8,5,3,1,3rd,Short,S,3rd and Short,-41,41,40 _ 50,L,12,,HOME,DICE RT,DICE,,,,N,WEDGE,2,,0,,BASE,TITE,,,,,,,,,,,,,
18 01 HARVARD DEF vs USD OFF.040,USD,Harvard,USD VS Harvard,USD VS Harvard: 8,8,6,1,10,1st,Long,L,1st and Long,-43,43,40 _ 50,L,,,,,,,,,N,,-5,,0,,,,,,,,,,,,,,,,
18 01 HARVARD DEF vs USD OFF.041,USD,Harvard,USD VS Harvard,USD VS Harvard: 8,8,7,1,15,1st,Extra Long,aL,1st and Extra Long,-38,38,40 _ 50,L,12,,I ST,PRO RT,PRO,,,1,P,PA,45,COM,0,,BASE,OVER G,5,4_2,,,SH,4,X,4,ZONE,O,,,
18 01 HARVARD DEF vs USD OFF.042,USD,Harvard,USD VS Harvard,USD VS Harvard: 8,8,8,1,10,1st,Long,L,1st and Long,17,83,80 _ 90,L,12,Z ROCKET,HOME,DICE RT,DICE,,,1,P,NAKED,2,COM,0,,BASE,HEADS,7 7,4_1,,,SWH,4,,4,ZONE,O,,,
18 01 HARVARD DEF vs USD OFF.043,USD,Harvard,USD VS Harvard,USD VS Harvard: 8,8,9,2,8,2nd,Long,L,2nd and Long,15,85,90 _ 100,R,12,,WK,DING RT,DING,,,1,P,DBP,0,INC,0,,BASE,OVER G,5,4_2,,,CH,33,,3,ZONE,C,,COP4,
18 01 HARVARD DEF vs USD OFF.044,USD,Harvard,USD VS Harvard,USD VS Harvard: 8,8,10,3,8,3rd,Long,L,3rd and Long,15,85,90 _ 100,R,11,Z IN,ST,DEUCE LT STKS,DEUCE STKS,,,1,P,QUICK,0,INC,3,FG - GOOD,NICKEL,ODD,,3_3,,,,42,,4,ZONE,O,EN BDY,SC WB,
18 01 HARVARD DEF vs USD OFF.045,USD,Harvard,USD VS Harvard,USD VS Harvard: 9,9,1,1,10,1st,Long,L,1st and Long,-8,8,10 _ 20,M,12,W LT,HOME,DICE RT OFF,DICE,,,0,R,INSIDE ZONE,2,,0,HALF,BASE,OVER G,7,4_2,,,SH,4,,4,ZONE,O,,,4MIN
18 01 HARVARD DEF vs USD OFF.046,USD,Harvard,USD VS Harvard,USD VS Harvard: 10,10,1,1,10,1st,Long,L,1st and Long,-21,21,20 _ 30,R,11,TAP,ST,TREY LT ON,TREY ON,,,0,R,INSIDE ZONE,4,,0,,BASE,OVER G,7,4_2,,,SO,33,,3,ZONE,C,,COP3,
18 01 HARVARD DEF vs USD OFF.047,USD,Harvard,USD VS Harvard,USD VS Harvard: 10,10,2,2,6,2nd,Medium,M,2nd and Medium,-25,25,30 _ 40,R,11,W RT,ST,DEUCE LT,DEUCE,,,1,P,PA,4,SCRAM,0,,BASE,OVER G,,4_1,,,SWW,4,,4,ZONE,O,3 5 DIG,,
18 01 HARVARD DEF vs USD OFF.048,USD,Harvard,USD VS Harvard,USD VS Harvard: 10,10,3,3,2,3rd,Short,S,3rd and Short,-29,29,30 _ 40,R,13,,I,WING RT,WING,,,1,P,NAKED,19,COM,0,,4_4,OVER G,5 4i,4_2,,,SH,1,,1,MAN,C,,W4,
18 01 HARVARD DEF vs USD OFF.049,USD,Harvard,USD VS Harvard,USD VS Harvard: 10,10,4,1,10,1st,Long,L,1st and Long,-48,48,50 _ 60,R,12,,ST,DICE LT OFF,DICE,,,0,R,BUCK,4,,0,,BASE,WIDE,,4_1,,,SWW,4,X,4,ZONE,O,,,
18 01 HARVARD DEF vs USD OFF.050,USD,Harvard,USD VS Harvard,USD VS Harvard: 10,10,5,2,6,2nd,Medium,M,2nd and Medium,48,52,50 _ 60,R,12,,HOME,DICE LT OFF,DICE,,,1,P,PA,0,INC,0,,BASE,UNDER G,,4_1,,,SWW,42,,4,ZONE,O,,W3,
18 01 HARVARD DEF vs USD OFF.051,USD,Harvard,USD VS Harvard,USD VS Harvard: 10,10,6,3,6,3rd,Medium,M,3rd and Medium,48,52,50 _ 60,R,11,W RT,WK,DUO RT ON,DUO ON,,,1,P,DBP,1,COM,0,PUNT,BASE,UNDER G,7,4_2,,,SO,1,,1,MAN,C,M3 E DROP,,
18 01 HARVARD DEF vs USD OFF.052,USD,Harvard,USD VS Harvard,USD VS Harvard: 11,11,1,1,10,1st,Long,L,1st and Long,50,50,50 _ 60,L,12,W RT,HOME,DICE RT OFF,DICE,,,1,P,NAKED,37,COM,0,,BASE,HEADS,,4_1,,,SWH,4,X,4,ZONE,O,,,
18 01 HARVARD DEF vs USD OFF.053,USD,Harvard,USD VS Harvard,USD VS Harvard: 11,11,2,1,10,1st,Long,L,1st and Long,13,87,90 _ 100,R,12,X ROCKET,I ST,PRO LT,PRO,,,0,R,POWER,0,,0,,BASE,OVER G,7,4_2,,,SH,3 SNOW,,3,ZONE,C,,,
18 01 HARVARD DEF vs USD OFF.054,USD,Harvard,USD VS Harvard,USD VS Harvard: 11,11,3,2,10,2nd,Long,L,2nd and Long,13,87,90 _ 100,R,12,W LT,ST,TRIO LT IN,TRIO ON,,,0,R,INSIDE ZONE,13,,0,TD,BASE,OVER G,5,4_2,,,CH,33,,3,ZONE,C,,COP4,
18 01 HARVARD DEF vs USD OFF.055,USD,Harvard,USD VS Harvard,USD VS Harvard: 12,12,3,3,3,3rd,Short,S,3rd and Short,3,97,100 _ 110,LM,11,,WK,TRIPS RT,TRIPS,,,0,R,SKETCH,3,,3,GOOD,BASE,UNDER G,,4_2,,,SO,1,PRESS,1,MAN,C,,,
18 01 HARVARD DEF vs USD OFF.056,USD,Harvard,USD VS Harvard,USD VS Harvard: 13,13,1,1,10,1st,Long,L,1st and Long,-25,25,30 _ 40,LM,11,,WK,TRIPS RT,TRIPS,,,1,P,DBP,0,INC,0,,BASE,UNDER G,,4_1,,,SO,4 SOLO,X,4,ZONE,O,,,
18 01 HARVARD DEF vs USD OFF.057,USD,Harvard,USD VS Harvard,USD VS Harvard: 13,13,2,2,10,2nd,Long,L,2nd and Long,-25,25,30 _ 40,LM,12,W RT,I ST,TWINS RT,TWINS,,,1,P,PA,0,INC,0,,BASE,OVER G,7,4_2,,,SW,6,,3,ZONE,O,,,
18 01 HARVARD DEF vs USD OFF.058,USD,Harvard,USD VS Harvard,USD VS Harvard: 13,13,3,3,10,3rd,Long,L,3rd and Long,-25,25,30 _ 40,LM,11,Y RT,WK,TRIPS RT,TRIPS,,,1,P,DBP,0,INC,0,PUNT,BASE,OVER G,,4_2,,,SO,1,,1,MAN,C,M2 T DROP,,
18 01 HARVARD DEF vs USD OFF.059,USD,Harvard,USD VS Harvard,USD VS Harvard: 14,14,1,1,10,1st,Long,L,1st and Long,-43,43,40 _ 50,L,12,Z IN,HOME,TRUNK RT SQZ,TRUNK SQZ,,,1,P,TRICK,30,COM,0,,BASE,OVER G,5,4_2,,,SH,1,,1,MAN,C,,$D,
18 01 HARVARD DEF vs USD OFF.060,USD,Harvard,USD VS Harvard,USD VS Harvard: 14,14,2,1,10,1st,Long,L,1st and Long,27,73,70 _ 80,R,12,,I,PRO LT,PRO,,,1,P,QUICK,7,COM,0,,BASE,OVER G,7,4_2,,,SH,4,X,4,ZONE,O,,,
18 01 HARVARD DEF vs USD OFF.061,USD,Harvard,USD VS Harvard,USD VS Harvard: 14,14,3,2,3,2nd,Short,S,2nd and Short,20,80,80 _ 90,L,11,,WK,DUO LT ON,DUO ON,,,1,P,QUICK,6,COM,0,,BASE,OVER G,7,4_1,,,SWW,4,X,4,ZONE,O,,,
18 01 HARVARD DEF vs USD OFF.062,USD,Harvard,USD VS Harvard,USD VS Harvard: 14,14,4,1,10,1st,Long,L,1st and Long,14,86,90 _ 100,R,12,,I,PRO LT,PRO,,,1,P,PA,0,INC,0,,BASE,OVER G,7,4_2,,,SH,3 FIRE,X,3,ZONE,C,,,
18 01 HARVARD DEF vs USD OFF.063,USD,Harvard,USD VS Harvard,USD VS Harvard: 14,14,5,2,10,2nd,Long,L,2nd and Long,14,86,90 _ 100,R,11,Y LT,ST,TREY LT ON,TREY ON,,,0,R,TOSS,0,,0,,BASE,OVER G,7,4_2,,,SH,4,X,4,ZONE,O,,,
18 01 HARVARD DEF vs USD OFF.064,USD,Harvard,USD VS Harvard,USD VS Harvard: 14,14,6,3,10,3rd,Long,L,3rd and Long,14,86,90 _ 100,L,11,,WK,TRIPS RT,TRIPS,,,1,P,QUICK,0,INC,0,,BASE,UNDER G,,4_1,,,SH,32,,3,ZONE,C,NWE,MC WA,
18 01 HARVARD DEF vs USD OFF.065,USD,Harvard,USD VS Harvard,USD VS Harvard: 14,14,7,4,10,4th,Long,L,4th and Long,14,86,90 _ 100,L,11,,ST,DUO LT ON,DUO ON,,,1,P,QUICK,0,INC,0,DOWNS,NICKEL,ODD,,3_3,,,WMUG,42,,4,ZONE,O,WE,SC WB,
18 01 HARVARD DEF vs USD OFF.066,USD,Harvard,USD VS Harvard,USD VS Harvard: 15,15,1,1,10,1st,Long,L,1st and Long,38,62,60 _ 70,RM,11,,WK,TREY LT ON,TREY ON,,,1,P,DBP,3,COM,0,,BASE,UNDER G,7,4_2,,,SO,33,,3,ZONE,C,,COP3,BLOW OUT
18 01 HARVARD DEF vs USD OFF.067,USD,Harvard,USD VS Harvard,USD VS Harvard: 15,15,2,2,7,2nd,Medium,M,2nd and Medium,35,65,70 _ 80,R,11,,WK,DUO RT ON SQZ,DUO ON,,,1,P,DBP,11,COM,0,,BASE,OVER G,7,4_1,,,SWW,1,,1,MAN,C,,,BLOW OUT
18 01 HARVARD DEF vs USD OFF.068,USD,Harvard,USD VS Harvard,USD VS Harvard: 15,15,3,1,10,1st,Long,L,1st and Long,24,76,80 _ 90,R,11,,WK,TREY LT ON,TREY ON,,,1,P,QUICK,7,COM,0,,BASE,UNDER G,7,4_2,,,SW,6,X,4,ZONE,O,,,BLOW OUT
18 01 HARVARD DEF vs USD OFF.069,USD,Harvard,USD VS Harvard,USD VS Harvard: 15,15,4,2,3,2nd,Short,S,2nd and Short,17,83,80 _ 90,L,11,,WK,TREY RT ON,TREY ON,,,1,P,DBP,0,INC,0,,BASE,UNDER G,9,4_2,,,SO,32,,3,ZONE,C,,WA M1,BLOW OUT
18 01 HARVARD DEF vs USD OFF.070,USD,Harvard,USD VS Harvard,USD VS Harvard: 15,15,5,3,3,3rd,Short,S,3rd and Short,17,83,80 _ 90,L,11,,WK,TREY RT ON,TREY ON,,,0,R,READ,7,,0,,BASE,WIDE,7,4_2,,,MUG,1,X,1,MAN,C,,M1,BLOW OUT
18 01 HARVARD DEF vs USD OFF.071,USD,Harvard,USD VS Harvard,USD VS Harvard: 15,15,6,1,10,1st,Long,L,1st and Long,10,90,90 _ 100,R,13,,I,WING LT,WING,Y,,1,P,PA,3,COM,0,,HEAVY,BEAR,,5_2,,,,1,,1,MAN,C,,5,BLOW OUT
18 01 HARVARD DEF vs USD OFF.072,USD,Harvard,USD VS Harvard,USD VS Harvard: 15,15,7,2,7,2nd,Medium,M,2nd and Medium,7,93,90 _ 100,R,12,Z ROCKET,HOME,DICE LT,DICE,,,1,P,NAKED,0,INC,0,,BASE,HEADS,7 5,4_2,,,SW,7,,7,ZONE,O,,,BLOW OUT
18 01 HARVARD DEF vs USD OFF.073,USD,Harvard,USD VS Harvard,USD VS Harvard: 15,15,8,3,7,3rd,Medium,M,3rd and Medium,7,93,90 _ 100,R,11,,WK,DEUCE LT,DEUCE,,,1,P,DBP,0,INC,0,,BASE,OVER G,,4_2,,,SO,5,,5,ZONE,O,NMR,M1 W3,BLOW OUT
18 01 HARVARD DEF vs USD OFF.074,USD,Harvard,USD VS Harvard,USD VS Harvard: 15,15,9,4,7,4th,Medium,M,4th and Medium,7,93,90 _ 100,R,11,,WK,TREY LT ON,TREY ON,,,1,P,DBP,0,INC,0,DOWNS,NICKEL,ODD,,3_3,,,,7,,7,ZONE,O,,,BLOW OUT
